<?xml version="1.0" encoding="UTF-8" ?>
<!DOCTYPE mapper PUBLIC "-//mybatis.org//DTD Mapper 3.0//EN"
  "http://mybatis.org/dtd/mybatis-3-mapper.dtd">

<mapper namespace="mDAO">

	<select id="select" parameterType="mDTO" resultMap="rsMap">
		SELECT * FROM music
		WHERE id = #{id}<!-- el, ${id}랑 같은 것임.-->
	</select>
	<resultMap type="mDTO" id="rsMap">
		<result property="id" column="id" />
		<result property="name" column="name" />
		<result property="price" column="price" />
		<result property="singer" column="singer" />
	</resultMap>
	<select id="selectAll" resultMap="rsMap">
		SELECT * FROM music
	</select>
	<insert id="insert" parameterType="mDTO">
		INSERT INTO music
		VALUES(#{id},#{name},#{price},#{singer})
	</insert>
	<update id="update" parameterType="mDTO">
		UPDATE music
		SET
		name=#{name}
		WHERE
		id = #{id}
	</update>
	<delete id="delete" parameterType="mDTO">
		DELETE FROM music WHERE id = #{id}
	</delete>


</mapper>
